{
  "Author": "Asteria Nocturna",
  "Name": "Divination.DiscordIntegration",
  "InternalName": "Divination.DiscordIntegration",
  "AssemblyVersion": "0.1.0.46",
  "Description": "Dalamud Plugin to support Rich Presence for FFXIV.",
  "ApplicableVersion": "any",
  "Tags": [
    "Discord"
  ],
  "CategoryTags": [
    "other",
    "jobs",
    "ui",
    "minigames",
    "inventory",
    "sound",
    "social",
    "utility"
  ],
  "DalamudApiLevel": 5,
  "LoadPriority": 0,
  "ImageUrls": [],
  "Punchline": "Fully-customizable Rich Presence Plugin"
}