{
  "Author": "Asteria Nocturna",
  "Name": "Divination.Voiceroid2Talker",
  "InternalName": "Divination.Voiceroid2Talker",
  "AssemblyVersion": "0.1.0.19",
  "Description": "Add /voiceroid2 command into FFXIV. Require SimpleVoiceroid2Proxy (https://github.com/SlashNephy/SimpleVoiceroid2Proxy).",
  "ApplicableVersion": "any",
  "RepoUrl": "https://github.com/horoscope-dev/Dalamud.Divination.Voiceroid2Talker",
  "Tags": [
    "Text-to-speech",
    "Voiceroid"
  ],
  "DalamudApiLevel": 4,
  "LoadPriority": 0,
  "Punchline": "Text-to-Speech for Voiceroid2"
}